{
    "IntermediateNeurons": [
        [890.8540553648327, -463.4474113577445, -160.80040257347753, -206.33353751978325],
        [629.2396160577878, 577.7605114476341, -522.4836821188098, -859.7382403207157],
        [-533.3475093882323, 943.6111169481321, 14.08582666234804, 895.8125584692605],
        [-863.4519264428952, -985.828218471201, 135.38635483538815, -749.9317096118807],
        [115.8469242177714, -400.192156296721, -860.5666794926278, -261.7318798627242],
        [-845.9514216524933, -821.5238479407096, 66.65981803403065, 65.62406519184174],
        [-777.2943796914309, -47.83247895054069, 689.952720638021, 221.2486835293862],
        [-18.24738597935243, 926.1880003581284, -48.71571128442963, 710.5212586120078]
    ],
    "OutputNeurons": [
        [-578.0080327202388, 462.03930937317887, 899.9940829549121, -184.4619592654742, -73.6634601482682, 750.676005433043, 490.43710186790145, -698.9348116923895],
        [-339.44637836161996, 89.65459240145697, 468.52254006045496, -52.96150250534288, -760.0025522013987, -955.789313322917, 556.3753079375817, 209.02638947299852],
        [346.8449008291559, 281.6855268865122, -977.9231083747104, 682.9935778767087, -920.6669846358055, 68.49625454161037, 157.2408741895572, -438.7719211424021],
        [73.14723613417664, 868.2104465809239, 166.8413698697973, 96.99823532114169, -866.4657275096062, -399.1450792172559, 449.0070719990367, 495.29761263869136]
    ]
}