{
    "IntermediateNeurons": [
        [859.1268723518754, -919.9865283568706, -512.8579947426972, -202.17221655211983],
        [621.7589998942597, -577.3211358825223, 604.4696178782842, -718.7457389367084],
        [-553.0929904257694, -572.5654579367088, 576.8314167352114, 684.6634737891045],
        [434.3717383996109, 499.61409296696115, 324.89751888471255, -367.70161956529296],
        [824.4303538965598, -258.44979689873514, -705.1929382677883, 593.020946037881],
        [166.03661791311902, -974.6661210890281, -837.5880375809417, -419.6246994268995],
        [375.9135151807566, -874.6915800986923, 708.047549993955, -240.5105770569404],
        [706.6429159522722, -918.2582320958128, -876.8105651788065, 822.4916432540545]
    ],
    "OutputNeurons": [
        [-3.523382950742871, 759.1405368511896, -475.6660792576091, 683.1874528276924, 547.0082422341277, -406.11165667691137, -430.4557443631745, -833.0755493947884],
        [435.03810543182135, 975.11650349296, 263.7498901416002, -320.98925252144636, 395.3669666599078, 983.6723244740651, 347.4207929376896, 206.25450653881762],
        [-653.3281249312059, -768.7482159395145, -955.9595795956919, -245.4959292784813, -964.0291282360724, 521.7501708008253, -358.6880800482686, 758.2860675431941],
        [76.74266592071126, -511.91312020892224, 358.7914320349994, -862.032043884926, -54.72379806013225, -995.7336837079396, 349.0946938447303, 428.80784757049923]
    ],
    "Score": 98,
    "Steps": 873,
    "_intermediateOutput": [
        0.3740529149696635,
        0.4320222916064102,
        -0.03736600528413191,
        -0.04397082446722273,
        -0.11152371637971528,
        0.46476360683864254,
        0.3717340523852109,
        0.03192219628058611
    ],
    "_finalOutput": [
        -0.015247230180824722,
        0.14213409503362562,
        -0.036138552611101556,
        -0.06014666346690884
    ]
}