{
    "IntermediateNeurons": [
        [-681.8215669644367, 182.74898150314266, -42.96751310598677, 95.03080828311272],
        [797.3447287940512, 598.8619585007541, -259.21732028096403, -374.2183274317455],
        [-61.990819127849136, 549.6383478525056, -892.7231209321332, -755.0842639069233],
        [-759.2578948934694, -561.314179051491, 576.5577502691576, 448.0722779829323],
        [6.970614972307203, 346.54419282831986, -941.551384378606, -107.80182106875634],
        [-996.3328357527556, -204.05317459002515, -509.43509079372285, -428.05374048950614],
        [-42.88128149811723, -712.8484163557065, 775.5508668410207, 422.6671800119159],
        [-162.67932747976374, -564.9144705615845, 356.46412285623956, -227.10475727171]
    ],
    "OutputNeurons": [
        [653.8780469427857, 919.7019122624895, -45.056283863274416, 961.031356292692, 226.92138296115218, 912.7332175726317, -38.54547201603941, -565.4592732848258],
        [770.4337605160504, -136.89203099565782, -480.11074513008793, -183.84893618208855, -584.1556100240723, 106.45730206111443, -908.3961227381827, -810.1231839031931],
        [407.1157976035347, -970.9002779956646, -606.659898438362, 224.93242140701477, 588.84481201527, 740.3926222619812, -387.2817857718169, -259.11768272023323],
        [-680.7406599322883, 727.7909535451688, 765.2114146127458, 338.340365870152, -24.078764148021378, 340.40406631134874, 134.2002164906762, 620.7429448092291]
    ],
    "Score": 59,
    "Steps": 1116,
    "_intermediateOutput": [
        -0.24159636002347448,
        0.17937580283769572,
        -0.3182379800199941,
        -0.060900048208103914,
        -0.31152692313543295,
        -0.5019226421821595,
        0.24422319511430116,
        0.06459493179215861
    ],
    "_finalOutput": [
        -0.0764929515302604,
        -0.024042201648530673,
        -0.0949414505250609,
        -0.00744942481810666
    ]
}